{"\u043f\u0440\u043e\u0442\u0438\u0432\u043e\u0432\u043e\u0441\u043f\u0430\u043b\u0438\u0442\u0435\u043b\u044c\u043d": 0.003210106933073077, "\u0430\u043d\u0442\u0438\u0431\u0430\u043a\u0442\u0435\u0440\u0438\u0430\u043b\u044c\u043d": 0.004938626050881657, "\u0432\u043e\u0441\u043f\u043e\u043b\u043d\u044f": 0.006420213866146154, "\u0434\u0435\u0444\u0438\u0446": 0.006114489396329671, "\u0444\u043e\u043b\u0438\u0435\u0432": 0.1284042773229231, "\u043a\u0438\u0441\u043b\u043e\u0442": 0.1284042773229231, "\u0438\u043c\u043c\u0443\u043d\u043e\u0441\u0442\u0438\u043c\u0443\u043b\u0438\u0440": 0.010700356443576925, "\u0436\u0430\u0440\u043e\u043f\u043e\u043d\u0438\u0436\u0430": 0.016050534665365386, "\u0430\u043d\u0430\u043b\u044c\u0433\u0435\u0437\u0438\u0440": 0.009877252101763314, "\u043f\u0440\u043e\u0442\u0438\u0432\u043e\u043e\u043f\u0443\u0445\u043e\u043b\u0435\u0432": 0.007133570962384616, "\u0442\u0438\u0440\u0435\u043e\u0438\u0434\u043d": 0.06420213866146154, "\u0433\u043e\u0440\u043c\u043e\u043d": 0.025680855464584616, "\u0449\u0438\u0442\u043e\u0432\u0438\u0434\u043d": 0.025680855464584616, "\u0436\u0435\u043b\u0435\u0437": 0.018343468188989014, "\u043e\u0442\u0445\u0430\u0440\u043a\u0438\u0432\u0430": 0.018343468188989014, "\u043c\u0443\u043a\u043e\u043b\u0438\u0442\u0438\u0447\u0435\u0441\u043a": 0.02140071288715385, "\u0431\u0430\u043a\u0442\u0435\u0440\u0438\u0446\u0438\u0434\u043d": 0.018343468188989014, "\u0430\u043d\u0442\u0438\u043a\u043e\u0430\u0433\u0443\u043b\u044f\u043d\u0442\u043d": 0.06420213866146154, "\u043c\u0435\u0442\u0430\u0431\u043e\u043b\u0438\u0447\u0435\u0441\u043a": 0.011673116120265736, "\u0430\u043d\u0442\u0438\u0433\u0438\u043f\u043e\u043a\u0441\u0438\u0447\u0435\u0441\u043a": 0.0428014257743077, "\u0433\u0438\u043f\u043e\u043b\u0438\u043f\u0438\u0434\u0435\u043c\u0438\u0447\u0435\u0441\u043a": 0.025680855464584616, "\u0433\u0435\u043f\u0430\u0442\u043e\u043f\u0440\u043e\u0442\u0435\u043a\u0442\u0438\u0432\u043d": 0.02140071288715385, "\u0448\u0438\u0440\u043e\u043a": 0.009171734094494507, "\u0441\u043f\u0435\u043a\u0442\u0440": 0.009171734094494507, "\u043d": 0.1284042773229231, "\u0445\u043e\u043b\u0438\u043d\u043e\u043c\u0438\u043c\u0435\u0442\u0438\u0447\u0435\u0441\u043a": 0.1284042773229231, "\u043f\u0440\u043e\u0433\u0435\u0441\u0442\u0430\u0433\u0435\u043d": 0.06420213866146154, "\u043a\u043e\u043d\u0442\u0440\u0430\u0446\u0435\u043f\u0442\u0438\u0432\u043d": 0.018343468188989014, "\u043f\u0440\u043e\u0442\u0438\u0432\u043e\u043c\u0438\u043a\u0440\u043e\u0431\u043d": 0.014267141924769232, "\u043c\u0435\u0441\u0442\u043d": 0.016050534665365386, "\u0430\u043d\u0442\u0438\u0441\u0435\u043f\u0442\u0438\u0447\u0435\u0441\u043a": 0.02140071288715385, "\u0433\u043e\u043c\u0435\u043e\u043f\u0430\u0442\u0438\u0447\u0435\u0441\u043a": 0.02140071288715385, "\u0432\u0438\u0442\u0430\u043c\u0438\u043d": 0.012840427732292308, "\u043f\u043e\u0434\u0441\u043b\u0430\u0449\u0438\u0432\u0430": 0.1284042773229231, "\u0430\u043d\u0442\u0438\u0430\u0433\u0440\u0435\u0433\u0430\u043d\u0442\u043d": 0.1284042773229231, "\u0430\u043d\u0442\u0438\u043f\u0441\u0438\u0445\u043e\u0442\u0438\u0447\u0435\u0441\u043a": 0.0428014257743077, "\u0431\u0430\u043a\u0442\u0435\u0440\u0438\u043e\u0441\u0442\u0430\u0442\u0438\u0447\u0435\u0441\u043a": 0.06420213866146154, "\u0434\u0438\u0443\u0440\u0435\u0442\u0438\u0447\u0435\u0441\u043a": 0.014267141924769232, "\u044d\u0441\u0442\u0440\u043e\u0433\u0435\u043d": 0.025680855464584616, "\u0438\u043d\u0433\u0438\u0431\u0438\u0442\u043e\u0440": 0.1284042773229231, "\u0441\u0438\u043d\u0442\u0435\u0437": 0.06420213866146154, "\u044d\u0441\u0442\u0440\u043e\u0433": 0.025680855464584616, "\u0433\u0438\u043f\u043e\u0442\u0435\u043d\u0437\u0438\u0432\u043d": 0.004427733700790451, "\u0430\u043b\u044c\u0444": 0.1284042773229231, "\u0430\u0434\u0440\u0435\u043d\u043e\u0431\u043b\u043e\u043a\u0438\u0440\u043e\u0432\u0430": 0.1284042773229231, "\u043e\u0431\u0449\u0435\u0442\u043e\u043d\u0438\u0437\u0438\u0440": 0.1284042773229231, "\u043c\u0435\u0441\u0442\u043d\u043e\u0440\u0430\u0437\u0434\u0440\u0430\u0436\u0430": 0.0428014257743077, "\u043f\u0440\u043e\u0442\u0438\u0432\u043e\u0440\u0435\u0432\u043c\u0430\u0442\u0438\u0447\u0435\u0441\u043a": 0.1284042773229231, "\u0438\u043d\u0433\u0438\u0431\u0438\u0440\u043e\u0432\u0430": 0.018343468188989014, "\u043a\u043e\u0441\u0442\u043d": 0.1284042773229231, "\u0440\u0435\u0437\u043e\u0440\u0431\u0446": 0.1284042773229231, "\u0441\u043f\u0430\u0437\u043c\u043e\u043b\u0438\u0442\u0438\u0447\u0435\u0441\u043a": 0.02140071288715385, "\u043f\u0440\u043e\u0442\u0438\u0432\u043e\u043a\u0430\u0448\u043b\u0435\u0432": 0.1284042773229231, "\u0430\u043d\u0442\u0438\u043a\u043e\u043d\u0433\u0435\u0441\u0442\u0438\u0432\u043d": 0.1284042773229231, "\u0430\u043d\u0442\u0438\u043c\u0435\u0442\u0430\u0431\u043e\u043b\u0438\u0447\u0435\u0441\u043a": 0.1284042773229231, "\u043f\u0440\u043e\u0433\u0435\u0441\u0442\u043e\u0433\u0435\u043d": 0.1284042773229231, "\u0430\u043d\u0442\u0438\u0430\u0440\u0438\u0442\u043c\u0438\u0447\u0435\u0441\u043a": 0.02140071288715385, "\u0430\u043d\u0442\u0438\u0430\u043d\u0433\u0438\u043d\u0430\u043b\u044c\u043d": 0.016050534665365386, "\u0431\u0435\u0442\u04301": 0.1284042773229231, "\u0430\u0434\u0440\u0435\u043d\u043e\u0431\u043b\u043e\u043a\u0438\u0440": 0.1284042773229231, "\u0430\u043d\u0442\u0438\u0433\u0438\u043f\u0435\u0440\u0442\u0435\u043d\u0437\u0438\u0432\u043d": 0.0428014257743077, "\u043f\u0441\u0438\u0445\u043e\u0441\u0442\u0438\u043c\u0443\u043b\u0438\u0440": 0.1284042773229231, "\u0442\u0438\u043c\u043e\u043b\u0435\u043f\u0442\u0438\u0447\u0435\u0441\u043a": 0.1284042773229231, "\u043d\u0435\u0439\u0440\u043e\u043b\u0435\u043f\u0442\u0438\u0447\u0435\u0441\u043a": 0.06420213866146154, "\u0431\u043b\u043e\u043a\u0438\u0440\u043e\u0432\u0430": 0.0428014257743077, "\u0430\u04421": 0.06420213866146154, "\u0440\u0435\u0446\u0435\u043f\u0442\u043e\u0440": 0.06420213866146154, "\u0430\u043d\u0433\u0438\u043e\u0442\u0435\u043d\u0437\u0438\u043d": 0.06420213866146154, "ii": 0.06420213866146154, "\u043d\u043e\u0440\u043c\u0430\u043b\u0438\u0437\u043e\u0432\u0430": 0.03210106933073077, "\u043e\u0431\u043c\u0435\u043d": 0.0428014257743077, "\u043f\u0440\u043e\u0446\u0435\u0441\u0441": 0.03210106933073077, "\u0432\u0435\u043d\u043e\u043f\u0440\u043e\u0442\u0435\u043a\u0442\u0438\u0432\u043d": 0.06420213866146154, "\u0441\u0435\u0434\u0430\u0442\u0438\u0432\u043d": 0.03210106933073077, "\u0430\u043d\u0442\u0438\u0430\u043b\u043a\u043e\u0433\u043e\u043b\u044c\u043d": 0.06420213866146154, "\u0441\u0442\u0438\u043c\u0443\u043b\u0438\u0440\u043e\u0432\u0430": 0.02140071288715385, "\u0442\u043e\u043d\u0443\u0441": 0.1284042773229231, "\u043c\u043e\u0442\u043e\u0440\u0438\u043a": 0.1284042773229231, "\u0436\u043a\u0442": 0.06420213866146154, "\u0430\u043d\u0442\u0438\u043f\u0440\u043e\u043b\u0438\u0444\u0435\u0440\u0430\u0442\u0438\u0432\u043d": 0.1284042773229231, "\u0438\u043c\u043c\u0443\u043d\u043e\u043c\u043e\u0434\u0443\u043b\u0438\u0440\u043e\u0432\u0430": 0.018343468188989014, "\u0440\u0430\u043d\u043e\u0437\u0430\u0436\u0438\u0432\u043b\u044f": 0.0428014257743077, "\u0434\u0435\u0440\u043c\u0430\u0442\u043e\u043f\u0440\u043e\u0442\u0435\u043a\u0442\u0438\u0432\u043d": 0.1284042773229231, "\u0443\u043b\u0443\u0447\u0448\u0430": 0.014267141924769232, "\u044d\u0440\u0435\u043a\u0442\u0438\u043b\u044c\u043d": 0.06420213866146154, "\u0444\u0443\u043d\u043a\u0446": 0.0428014257743077, "\u043c\u0438\u043a\u0440\u043e\u0446\u0438\u0440\u043a\u0443\u043b\u044f\u0446": 0.0428014257743077, "\u043f\u043e\u043b\u043e\u0432": 0.1284042773229231,