{"\u0444\u0430\u0440\u043c\u0430\u043a\u043e\u043b\u043e\u0433\u0438\u0447\u0435\u0441\u043a": 6.792152992797087e-06, "\u0434\u0435\u0439\u0441\u0442\u0432": 6.792152992797087e-06, "\u0434\u0438\u0443\u0440\u0435\u0442\u0438\u0447\u0435\u0441\u043a": 0.00017918572329740808, "\u0433\u0438\u043f\u043e\u0442\u0435\u043d\u0437\u0438\u0432\u043d": 5.5395931727523396e-05, "\u0431\u0430\u043a\u0442\u0435\u0440\u0438\u0446\u0438\u0434\u043d": 0.00020109244181966174, "\u0430\u043d\u0442\u0438\u0431\u0430\u043a\u0442\u0435\u0440\u0438\u0430\u043b\u044c\u043d": 8.757472892897214e-05, "\u0448\u0438\u0440\u043e\u043a": 0.00012360017136892504, "\u0441\u043f\u0435\u043a\u0442\u0440": 0.00012360017136892504, "\u0431\u043b\u043e\u043a\u0438\u0440\u043e\u0432\u0430": 0.0002990605545010354, "\u0430\u04421": 0.00041927116954556924, "\u0440\u0435\u0446\u0435\u043f\u0442\u043e\u0440": 0.00041927116954556924, "\u0430\u043d\u0433\u0438\u043e\u0442\u0435\u043d\u0437\u0438\u043d": 0.00041927116954556924, "ii": 0.00041927116954556924, "\u043f\u0440\u043e\u0442\u0438\u0432\u043e\u0432\u0438\u0440\u0443\u0441\u043d": 0.00020396975815730394, "\u043f\u0440\u043e\u0442\u0438\u0432\u043e\u0432\u043e\u0441\u043f\u0430\u043b\u0438\u0442\u0435\u043b\u044c\u043d": 9.61026051542653e-05, "\u0434\u0435\u0440\u043c\u0430\u0442\u043e\u043f\u0440\u043e\u0442\u0435\u043a\u0442\u0438\u0432\u043d": 0.007127609882274677, "\u0440\u0430\u043d\u043e\u0437\u0430\u0436\u0438\u0432\u043b\u044f": 0.0025659395576188835, "nan": 2.555207685340454e-05, "\u043f\u0440\u043e\u0442\u0438\u0432\u043e\u043e\u043f\u0443\u0445\u043e\u043b\u0435\u0432": 0.00010247362450554647, "\u0440\u0435\u0433\u0443\u043b\u0438\u0440\u043e\u0432\u0430": 0.0006289067543183538, "\u043a\u0430\u043b\u044c\u0446": 0.0006351335538660603, "\u0444\u043e\u0441\u0444\u043e\u0440\u043d": 0.000701076381863083, "\u043e\u0431\u043c": 0.000701076381863083, "\u0430\u043d\u0442\u0438\u043a\u043e\u0430\u0433\u0443\u043b\u044f\u043d\u0442\u043d": 0.0025659395576188835, "\u043c\u0435\u0442\u0430\u0431\u043e\u043b\u0438\u0447\u0435\u0441\u043a": 0.00032154631047855685, "\u0443\u043b\u0443\u0447\u0448\u0430": 0.00036242084147159376, "\u043c\u0438\u043a\u0440\u043e\u0446\u0438\u0440\u043a\u0443\u043b\u044f\u0446": 0.002138282964682403, "\u0441\u043e\u0441\u0443\u0434\u043e\u0440\u0430\u0441\u0448\u0438\u0440\u044f": 0.0001706076833523194, "\u0433\u0438\u043f\u043e\u043b\u0438\u043f\u0438\u0434\u0435\u043c\u0438\u0447\u0435\u0441\u043a": 0.0003634475294077739, "\u043a\u043e\u043d\u0442\u0440\u0430\u0446\u0435\u043f\u0442\u0438\u0432\u043d": 0.0001451323279196201, "\u044d\u0441\u0442\u0440\u043e\u0433": 0.0002345465774788742, "\u0433\u0435\u0441\u0442\u0430\u0433\u0435\u043d": 0.00023116572591161115, "\u0432\u043e\u0441\u043f\u043e\u043b\u043d\u044f": 0.00011444868678050329, "\u0434\u0435\u0444\u0438\u0446": 0.00010498934360142732, "\u0444\u0435\u0440\u043c\u0435\u043d\u0442": 0.0013648614668185551, "\u043f\u043e\u0434\u0436\u0435\u043b\u0443\u0434\u043e\u0447\u043d": 0.0013648614668185551, "\u0436\u0435\u043b\u0435\u0437": 0.0002896094308824925, "\u0430\u043d\u0442\u0438\u0433\u0438\u043f\u0435\u0440\u0442\u0435\u043d\u0437\u0438\u0432\u043d": 0.0002204415427507632, "\u0430\u043d\u0442\u0438\u0442\u0440\u043e\u043c\u0431\u043e\u0442\u0438\u0447\u0435\u0441\u043a": 0.0006023332294880009, "\u0438\u043d\u0433\u0438\u0431\u0438\u0440\u043e\u0432\u0430": 0.00015937512780241515, "\u0444\u0430\u043a\u0442\u043e\u0440": 0.0006109379899092581, "\u0441\u0432\u0435\u0440\u0442\u044b\u0432\u0430\u043d": 0.0006109379899092581, "\u043a\u0440\u043e\u0432": 0.000668213426463251, "xa": 0.000668213426463251, "\u0430\u043d\u0433\u0438\u043e\u043f\u0440\u043e\u0442\u0435\u043a\u0442\u0438\u0432\u043d": 0.001166336162554038, "\u0433\u0435\u043c\u043e\u0441\u0442\u0430\u0442\u0438\u0447\u0435\u0441\u043a": 0.0016240123782397997, "\u043f\u0440\u043e\u0442\u0438\u0432\u043e\u0440\u0435\u0432\u043c\u0430\u0442\u0438\u0447\u0435\u0441\u043a": 0.0011879349803791128, "\u043c\u0443\u043a\u043e\u043b\u0438\u0442\u0438\u0447\u0435\u0441\u043a": 0.000759153715271859, "\u043e\u0442\u0445\u0430\u0440\u043a\u0438\u0432\u0430": 0.0006051744239667178, "\u044d\u0440\u0435\u043a\u0442\u0438\u043b\u044c\u043d": 0.0009793662433659862, "\u0444\u0443\u043d\u043a\u0446": 0.0008787464238420834, "\u043f\u043e\u043b\u043e\u0432": 0.006752472520049694, "\u0447\u043b\u0435\u043d": 0.006752472520049694, "\u043f\u0440\u043e\u0442\u0438\u0432\u043e\u0442\u0443\u0431\u0435\u0440\u043a\u0443\u043b\u0435\u0437\u043d": 0.0017819024705686692, "\u0433\u043e\u043c\u0435\u043e\u043f\u0430\u0442\u0438\u0447\u0435\u0441\u043a": 0.0008553131858729612, "\u0438\u043c\u043c\u0443\u043d\u043e\u0441\u0442\u0438\u043c\u0443\u043b\u0438\u0440": 0.00023033568739846353, "\u043f\u0440\u043e\u0442\u0438\u0432\u043e\u0437\u0443\u0434\u043d": 0.00023242206137852206, "\u0440\u0435\u0433\u0435\u043d\u0435\u0440\u0438\u0440\u043e\u0432\u0430": 0.0010023201396948764, "\u043c\u0435\u0441\u0442\u043d": 0.00028510439529098706, "\u0438\u043c\u043c\u0443\u043d\u043e\u043c\u043e\u0434\u0443\u043b\u0438\u0440\u043e\u0432\u0430": 0.00025918581390089735, "\u0430\u043d\u0442\u0438\u0434\u0435\u043f\u0440\u0435\u0441\u0441\u0438\u0432\u043d": 0.00028321628671290107, "\u043e\u0431\u0440\u0430\u0442\u043d": 0.0010430648608206845, "\u0437\u0430\u0445\u0432\u0430\u0442": 0.0010430648608206845, "\u0441\u0435\u0440\u043e\u0442\u043e\u043d\u0438\u043d": 0.0010430648608206845, "\u0430\u043d\u0442\u0438\u043c\u0435\u0442\u0430\u0431\u043e\u043b\u0438\u0447\u0435\u0441\u043a": 0.0008277224379415754, "\u0433\u0438\u043f\u043e\u0433\u043b\u0438\u043a\u0435\u043c\u0438\u0447\u0435\u0441\u043a": 0.0003047434153941667, "\u0430\u043d\u0442\u0438\u043f\u0441\u0438\u0445\u043e\u0442\u0438\u0447\u0435\u0441\u043a": 0.0008610535428251288, "\u043f\u043e\u0434\u0441\u043b\u0430\u0449\u0438\u0432\u0430": 0.006414848894047209, "\u043f\u0440\u043e\u0442\u0438\u0432\u043e\u044d\u043f\u0438\u043b\u0435\u043f\u0442\u0438\u0447\u0435\u0441\u043a": 0.00030766661362336735, "\u0433\u0435\u043f\u0430\u0442\u043e\u043f\u0440\u043e\u0442\u0435\u043a\u0442\u0438\u0432\u043d": 0.00041520057566648606, "\u0432\u0438\u0442\u0430\u043c\u0438\u043d": 0.00040472232770013937, "\u043c\u0438\u043d\u0435\u0440\u0430\u043b\u044c\u043d": 0.007127609882274677, "\u0432\u0435\u0449\u0435\u0441\u0442\u0432": 0.007127609882274677, "\u0431\u0440\u043e\u043d\u0445\u043e\u043b\u0438\u0442\u0438\u0447\u0435\u0441\u043a": 0.007546881051820246, "\u043c\u0430\u043a\u0440": 0.0014255219764549355, "\u043c\u0438\u043a\u0440\u043e\u044d\u043b\u0435\u043c\u0435\u043d\u0442": 0.0011990371764574223, "\u043f\u0440\u043e\u0442\u0438\u0432\u043e\u044f\u0437\u0432\u0435\u043d": 0.0004517499221160007, "\u043f\u0440\u043e\u0442\u0438\u0432\u043e\u0441\u0443\u0434\u043e\u0440\u043e\u0436\u043d": 0.002004640279389753, "\u0446\u0435\u043d\u0442\u0440\u0430\u043b\u044c\u043d": 0.00583168081277019, "\u043c\u0438\u043e\u0440\u0435\u043b\u0430\u043a\u0441\u0438\u0440\u043e\u0432\u0430": 0.0017337429443370835, "\u0441\u0435\u0434\u0430\u0442\u0438\u0432\u043d": 0.0014579202031925476, "\u0441\u043d\u043e\u0442\u0432\u043e\u0440\u043d": 0.0017337429443370835, "\u043d\u043e\u043e\u0442\u0440\u043e\u043f\u043d": 0.003773440525910123, "\u0430\u043d\u0442\u0438\u043a\u043e\u043d\u0433\u0435\u0441\u0442\u0438\u0432\u043d": 0.001125412086674949, "\u0433\u0430\u0441\u0442\u0440\u043e\u043f\u0440\u043e\u0442\u0435\u043a\u0442\u0438\u0432\u043d": 0.0016240123782397997, "\u0430\u0440\u0442\u0435\u0440\u0438\u043e\u0434\u0438\u043b\u0430\u0442\u0438\u0440": 0.0005506308063559836, "\u0430\u043d\u0442\u0438\u0430\u043d\u0433\u0438\u043d\u0430\u043b\u044c\u043d": 0.00016343564061266775, "\u0432\u0430\u0437\u043e\u0434\u0438\u043b\u0430\u0442\u0438\u0440": 0.0005651849245856572, "\u0430\u043f\u0444": 0.0009099076445457034, "\u0430\u043d\u0430\u043b\u044c\u0433\u0435\u0437\u0438\u0440": 0.00023369212728769433,